TLastName,TFirstName,Classroom
COOL, REUBEN,101
KERBS, BENITO,102
FALKER, ADOLPH,103
STEIB, GALE,104
HANTZ, JED,105
BODZIONY, LUZ,106
FAFARD, ROCIO,107
HAMER, GAVIN,108
GAMBREL, JAE,109
ALPERT, JONATHAN,110
NISTENDIRK, NANCY,111
CHIONCHIO, PERLA,112
